FirstName,LastName,NationalId
Maria,Anders,12345678
Ana,Trujillo,12345678
Antonio,Moreno,12345678
Thomas,Hardy,12345678
Christina,Berglund,12345678
Hanna,Moos,12345678
Frédérique,Citeaux,12345678
Martín,Sommer,12345678
Laurence,Lebihan,12345678
Elizabeth,Lincoln,12345678
Victoria,Ashworth,12345678
Patricio,Simpson,12345678
Francisco,Chang,12345678
Yang,Wang,12345678
Pedro,Afonso,12345678
Elizabeth,Brown,12345678
Sven,Ottlieb,12345678
Janine,Labrune,12345678
Ann,Devon,12345678
Roland,Mendel,12345678
Aria,Cruz,12345678
Diego,Roel,12345678
Martine,Rancé,12345678
Maria,Larsson,12345678
Peter,Franken,12345678
Carine,Schmitt,12345678
Paolo,Accorti,12345678
Lino,Rodriguez,12345678
Eduardo,Saavedra,12345678
José Pedro,Freyre,12345678
André,Fonseca,12345678
Howard,Snyder,12345678
Manuel,Pereira,12345678
Mario,Pontes,12345678
Carlos,Hernández,12345678
Yoshi,Latimer,12345678
Patricia,McKenna,12345678
Helen,Bennett,12345678
Philip,Cramer,12345678
Daniel,Tonini,12345678
Annette,Roulet,12345678
Yoshi,Tannamuri,12345678
John,Steel,12345678
Renate,Messner,12345678
Jaime,Yorres,12345678
Carlos,González,12345678
Felipe,Izquierdo,12345678
Fran,Wilson,12345678
Giovanni,Rovelli,12345678
Catherine,Dewey,12345678
Jean,Fresnière,12345678
Alexander,Feuer,12345678
Simon,Crowther,12345678
Yvonne,Moncada,12345678
Rene,Phillips,12345678
Henriette,Pfalzheim,12345678
Marie,Bertrand,12345678
Guillermo,Fernández,12345678
Georg,Pipps,12345678
Isabel de,Castro,12345678
Bernardo,Batista,12345678
Lúcia,Carvalho,12345678
Horst,Kloss,12345678
Sergio,Gutiérrez,12345678
Paula,Wilson,12345678
Maurizio,Moroni,12345678
Janete,Limeira,12345678
Michael,Holz,12345678
Alejandra,Camino,12345678
Jonas,Bergulfsen,12345678
Jose,Pavarotti,12345678
Hari,Kumar,12345678
Jytte,Petersen,12345678
Dominique,Perrier,12345678
Art,Braunschweiger,12345678
Pascale,Cartrain,12345678
Liz,Nixon,12345678
Liu,Wong,12345678
Karin,Josephs,12345678
Miguel Angel,Paolino,12345678
Anabela,Domingues,12345678
Helvetius,Nagy,12345678
Palle,Ibsen,12345678
Mary,Saveley,12345678
Paul,Henriot,12345678
Rita,Müller,12345678
Pirkko,Koskitalo,12345678
Paula,Parente,12345678
Karl,Jablonski,12345678
Matti,Karttunen,12345678
Zbyszek,Piestrzeniewicz,12345678
